PoloChau,sana_ajani
PoloChau,ICatGT
PoloChau,MatthewGombolay
PoloChau,Sidd691
PoloChau,vrama91
PoloChau,alexandre_palo
PoloChau,AlexRTerry
PoloChau,GromitC
PoloChau,scc_gt
PoloChau,amyogan
PoloChau,SIAMDataMining
PoloChau,FILWD
PoloChau,alignedleft
PoloChau,petroseskinder
PoloChau,emilyltucker
PoloChau,artwithMI
PoloChau,SamForDaWin
PoloChau,severinhacker
PoloChau,albertocairo
PoloChau,FisherDanyel
sana_ajani,bohan
sana_ajani,Youngr
sana_ajani,juliaferraioli
sana_ajani,rupikaur_
sana_ajani,emilyvgordon
sana_ajani,gitlost
sana_ajani,MicrosoftWomen
sana_ajani,janearraf
sana_ajani,sbg1
sana_ajani,_tessr
sana_ajani,jack
sana_ajani,chrislhayes
sana_ajani,KirkDBorne
sana_ajani,kaybeezee
sana_ajani,dailystoic
sana_ajani,flippable_org
sana_ajani,EngnRoom
sana_ajani,SchoolOfData
sana_ajani,hks_digital
sana_ajani,PethDerek
ICatGT,jasonmaderer
ICatGT,gtomsanalytics
ICatGT,HuffPostEdu
ICatGT,womeninhighered
ICatGT,EdSurge
ICatGT,timeshighered
ICatGT,MaribethGandy
ICatGT,wearablesGT
ICatGT,DeepMindAI
ICatGT,CMU_Robotics
ICatGT,MIT_CSAIL
ICatGT,SCSatCMU
ICatGT,gillianrhayes
ICatGT,10_arjun
ICatGT,snchancellor
ICatGT,jesspater
ICatGT,jimeng
ICatGT,dsweld
ICatGT,minsukkahng
ICatGT,kamau_b
MatthewGombolay,GeorgiaTech
MatthewGombolay,deviparikh
MatthewGombolay,DhruvBatraDB
MatthewGombolay,GTRI
MatthewGombolay,Prof_DavidBader
MatthewGombolay,asbruckman
MatthewGombolay,fortnow
MatthewGombolay,DataRandAlgs
MatthewGombolay,IEEESpectrum
MatthewGombolay,kedwards
MatthewGombolay,LauraRDiamond
MatthewGombolay,GTOMSCS
MatthewGombolay,MatthewGuz
MatthewGombolay,ibogost
MatthewGombolay,beki70
MatthewGombolay,gvucenter
MatthewGombolay,WorldAndScience
MatthewGombolay,irrfaan
MatthewGombolay,gtcomputing
MatthewGombolay,GT_Sciences
Sidd691,shashanknd
Sidd691,GTCSE
Sidd691,FIFAWorldCups
Sidd691,deviparikh
Sidd691,DhruvBatraDB
Sidd691,mlatgt
Sidd691,irrfaan
Sidd691,ajaishukla
Sidd691,jabawack
Sidd691,georgiatechbsch
Sidd691,gatech_scs
Sidd691,GT_Vis
Sidd691,GaTechCyber
Sidd691,GTOMSCS
Sidd691,Printo_India
Sidd691,DefenceMinIndia
Sidd691,GTPDalerts
Sidd691,PoloDataClub
Sidd691,PoloChau
Sidd691,BigDataBorat
vrama91,jeremyjkun
vrama91,EdinburghNLP
vrama91,yuvalpi
vrama91,emnlp2017
vrama91,jacobeisenstein
vrama91,PoloChau
vrama91,nilakshdas
vrama91,jurafsky
vrama91,ICatGT
vrama91,gvucenter
vrama91,SharmaAbhijat
vrama91,abhi2610
vrama91,evanmiltenburg
vrama91,MateuszOnAI
vrama91,GygliMichael
vrama91,bored_aaefros
vrama91,RogerGrosse
vrama91,VectorInst
vrama91,jk_rowling
vrama91,yashgoyal_
alexandre_palo,PoloChau
alexandre_palo,v8js
alexandre_palo,GerardAraud
alexandre_palo,FranceAtlanta
alexandre_palo,Google
alexandre_palo,googledevs
alexandre_palo,sfmnemonic
alexandre_palo,cowcotland
alexandre_palo,esa
alexandre_palo,NASA
alexandre_palo,AirbusDefence
alexandre_palo,Arianespace
alexandre_palo,elonmusk
alexandre_palo,_Guillaume_B_
alexandre_palo,GaTechOIE
alexandre_palo,bam_lab
alexandre_palo,ShyamDadhania18
alexandre_palo,calvinandhobbes
alexandre_palo,Calvinn_Hobbes
alexandre_palo,sarah_edo
AlexRTerry,PoloChau
AlexRTerry,Azure
AlexRTerry,timbersarmy
AlexRTerry,TimbersFC
AlexRTerry,MountRainierNPS
AlexRTerry,WTA_hikers
AlexRTerry,WAStatePks
AlexRTerry,americanalpine
AlexRTerry,MountaineersOrg
AlexRTerry,SuburbanMtnr
AlexRTerry,larryellison
AlexRTerry,JeffBezos
AlexRTerry,lyft
AlexRTerry,Uber
AlexRTerry,Airbnb
AlexRTerry,jgebbia
AlexRTerry,jeffweiner
AlexRTerry,drewhouston
AlexRTerry,bchesky
AlexRTerry,satyanadella
GromitC,hmason
GromitC,PoloChau
GromitC,SoVeryBritish
GromitC,bilalalsallakh
GromitC,harishd10
GromitC,jfreirenet
GromitC,lilianchoywl
GromitC,oatsandsugar
GromitC,NYPDnews
GromitC,brkdncr94
GromitC,BBGVisualData
GromitC,WTFViz
GromitC,HKUSTAlumni
GromitC,googleresearch
GromitC,patilise_white
GromitC,jhaushofer
GromitC,TheEconomist
GromitC,NYU_CSE
GromitC,timeouthk
GromitC,anvitahodekar
scc_gt,Prof_DavidBader
scc_gt,gtcomputing
scc_gt,PoloChau
scc_gt,PoloDataClub
scc_gt,petroseskinder
scc_gt,andyfang_dz
amyogan,AlessiaZucchett
amyogan,MaXimenaFdez
amyogan,MarshaLovett
amyogan,literacyonline
amyogan,wslasecki
amyogan,msbernst
amyogan,chinmay
amyogan,stvritter
amyogan,jonfroehlich
amyogan,turadg
amyogan,hummus_monster
amyogan,merylalper
amyogan,VicariousLee
amyogan,ahnjune
amyogan,pikachu_hudson
amyogan,alywise
amyogan,jasoncyip
amyogan,HungryMindLab
amyogan,celestekidd
amyogan,TJRyan_77
SIAMDataMining,canailya
SIAMDataMining,coreos
SIAMDataMining,gsuite
SIAMDataMining,kubernetesio
SIAMDataMining,sundarpichai
SIAMDataMining,CandyCoatdCourt
SIAMDataMining,archillect
SIAMDataMining,yoavgo
SIAMDataMining,googlecloud
SIAMDataMining,ChinaDailyUSA
SIAMDataMining,Docker
SIAMDataMining,awscloud
SIAMDataMining,bribroskie
SIAMDataMining,NessyTasha
SIAMDataMining,trevorklindsay
SIAMDataMining,traWeling
SIAMDataMining,pseemakurthi
SIAMDataMining,oliviachen56
SIAMDataMining,matcampana
SIAMDataMining,renjithmadhavan
FILWD,NipsConference
FILWD,kanitw
FILWD,unfinishthought
FILWD,moyix
FILWD,thefercook
FILWD,BTCFoundation
FILWD,_mcnutt_
FILWD,keshifme
FILWD,josephbonneau
FILWD,Bitcoin
FILWD,blockchain
FILWD,jawalnut
FILWD,aantonop
FILWD,rogerkver
FILWD,fedfragapane
FILWD,Ella_M_Whelan
FILWD,Mrs1500
FILWD,retirein1500
FILWD,TofHurter
FILWD,puddingviz
alignedleft,kelseyhightower
alignedleft,listsfordesign
alignedleft,sdf_pubnix
alignedleft,unsplash
alignedleft,camoesjo
alignedleft,Coffitivity
alignedleft,GwilymLockwood
alignedleft,KatieKowalsky
alignedleft,alexanderperrin
alignedleft,PMcNeil3
alignedleft,harrisj
alignedleft,loisbeckett
alignedleft,alphabettes_org
alignedleft,mewo2sketches
alignedleft,derekbruff
alignedleft,MuirMcNeil
alignedleft,observablehq
alignedleft,OfficialJLD
alignedleft,adamrpearce
alignedleft,topos_ai
petroseskinder,gtcomputing
petroseskinder,ThisWeekinHPC
petroseskinder,triketora
petroseskinder,hpcgarage
petroseskinder,patrickf2601
petroseskinder,RealJoeGoldman
petroseskinder,thereaIbanksy
petroseskinder,ejames_c
petroseskinder,grepory
petroseskinder,KasimReed
petroseskinder,csbeirne
petroseskinder,TwoSigmaVC
petroseskinder,recursecenter
petroseskinder,HPC_Guru
petroseskinder,Supercomputing
petroseskinder,Tsinghua_Uni
petroseskinder,chirgjain
petroseskinder,jimeng
petroseskinder,kullalok
petroseskinder,WSJ
emilyltucker,swiztweets
emilyltucker,ranaazghandi
emilyltucker,RosenthalHealth
emilyltucker,Cutler_econ
emilyltucker,TSLSociety
emilyltucker,StrongDuality
emilyltucker,STimmis
emilyltucker,msguyer
emilyltucker,SoodiMilanlouei
emilyltucker,LoriMMcDaniel
emilyltucker,R_Thaler
emilyltucker,SaulehSiddiqui
emilyltucker,informshas
emilyltucker,fsaldanhadagama
emilyltucker,stefannickel1
emilyltucker,tinglongdai
emilyltucker,PoloChau
emilyltucker,mooremm
emilyltucker,Derya_Dsquared
emilyltucker,katieacone
artwithMI,bruces
artwithMI,V_and_A
artwithMI,Tate
artwithMI,Guggenheim
artwithMI,eyeofestival
artwithMI,runemadsen
artwithMI,AA_Bronson
artwithMI,metmuseum
artwithMI,bhsutton
artwithMI,jerrysaltz
artwithMI,robertasmithnyt
artwithMI,TylerGreenDC
artwithMI,newrafael
artwithMI,hragv
artwithMI,NEWINC
artwithMI,goldcomputing
artwithMI,RKMustafa
artwithMI,pfau
artwithMI,daniel_rehn
artwithMI,a_antonellis
SamForDaWin,GAFollowers
SamForDaWin,MCLA_Tournament
SamForDaWin,benkanute
SamForDaWin,nathanfielder
SamForDaWin,WICKEDWORLDWI
SamForDaWin,MCLA_Champs16
SamForDaWin,mstapleton3
SamForDaWin,maddielee419
SamForDaWin,ugalax
SamForDaWin,AaronSolender86
SamForDaWin,realDonaldTrump
SamForDaWin,MCLA
SamForDaWin,charlie_oliva
SamForDaWin,kacrandall
SamForDaWin,dog_rates
SamForDaWin,GT_Hockey
SamForDaWin,WePlayLean
SamForDaWin,POTUS44
SamForDaWin,POTUS
SamForDaWin,mikeyeps
severinhacker,kaihloh
severinhacker,duonati
severinhacker,jayantkrish
severinhacker,switzerland099
severinhacker,hyrumwright
severinhacker,sieg
severinhacker,gabrielgambetta
severinhacker,RyanMunson21
severinhacker,kdub0
severinhacker,hmslydia
severinhacker,P4ndaGirl
severinhacker,StunnaDonDada
severinhacker,rickaroundhere
severinhacker,TimeSpaceOne
severinhacker,drob
severinhacker,triplejberger
severinhacker,daveclark
severinhacker,LexiBelc
severinhacker,ScottAdamsSays
severinhacker,cavanaughnate
albertocairo,pete_enns
albertocairo,databyler
albertocairo,_Noeska_
albertocairo,invalidid
albertocairo,michikokakutani
albertocairo,kesaritweets
albertocairo,kgjenkins
albertocairo,SenseScienceUSA
albertocairo,DataJason
albertocairo,HannahFresques
albertocairo,nlinphoto
albertocairo,dataeditor
albertocairo,kissane
albertocairo,glennashaw
albertocairo,grove
albertocairo,yanoak
albertocairo,carmen_TM_
albertocairo,oliviawalch
albertocairo,old_man_chester
albertocairo,genetis
FisherDanyel,scalzi
FisherDanyel,bjdickmayhew
FisherDanyel,keyboardio
FisherDanyel,marksawula
FisherDanyel,TofHurter
FisherDanyel,ken_hinckley
FisherDanyel,ieeevgtc
FisherDanyel,d3visualization
FisherDanyel,RabbiDoubleA
FisherDanyel,MattNegrin
FisherDanyel,20korg
FisherDanyel,LeeNapier7
FisherDanyel,GeneticJen
FisherDanyel,tanner_jaime
FisherDanyel,HannahFoxwell
FisherDanyel,vlandham
FisherDanyel,davidcrosss
FisherDanyel,Zipcar
FisherDanyel,CharlesPPierce
FisherDanyel,gillianrhayes
theotherideas,sana_ajani
PoloChau,sana_ajani
karentiansa,sana_ajani
RupiKaur_Poetry,sana_ajani
benjaminspak,sana_ajani
andyfang_dz,sana_ajani
teleunivsol,sana_ajani
KripalaniSimran,sana_ajani
VivekNair360,sana_ajani
mattjweinberg,sana_ajani
Prof_DavidBader,sana_ajani
Annajohnson_94,sana_ajani
gatech_scs,sana_ajani
shaheenaaa96,sana_ajani
Wieneraaron,sana_ajani
zohairlalani,sana_ajani
adamladhani,sana_ajani
asmithblog,sana_ajani
barrywehmiller,sana_ajani
SmartGadgetHERO,sana_ajani
ParkMyCloud,ICatGT
thebriefbox,ICatGT
SocialLore,ICatGT
social_nav,ICatGT
gtomsanalytics,ICatGT
DMitchATL,ICatGT
MilitaryProudB,ICatGT
TechIndGroup,ICatGT
PoloChau,ICatGT
manasvilalwani,ICatGT
iris_xyz,ICatGT
RohitATL,ICatGT
blockchainnewsy,ICatGT
seandevs,ICatGT
utkarshojha12,ICatGT
MarTechExec,ICatGT
atltechblogs,ICatGT
TeslaBidz,ICatGT
DebaratiDas1994,ICatGT
DavidTung_TC,ICatGT
alekhka,MatthewGombolay
mikekadivar,MatthewGombolay
PoloChau,MatthewGombolay
RussellMarsh,MatthewGombolay
carlcarrie,MatthewGombolay
jaymepsantos,MatthewGombolay
bll_krtl,MatthewGombolay
HagenAutomation,MatthewGombolay
ZacharyMaley,MatthewGombolay
zaferucarR,MatthewGombolay
HidFid,MatthewGombolay
voxmenthe,MatthewGombolay
2039648937Hao,MatthewGombolay
marknabil,MatthewGombolay
tweetsatpreet,MatthewGombolay
Mobile_Kitchens,MatthewGombolay
sensussoft,MatthewGombolay
pratikshyads4,MatthewGombolay
asbruckman,MatthewGombolay
plus2560,MatthewGombolay
PoloChau,Sidd691
prakashadvani,Sidd691
SPYadav86550850,Sidd691
chi2innovations,Sidd691
Prof_DavidBader,Sidd691
silviakspiva,Sidd691
arduino_fans,Sidd691
BharatThakurArt,Sidd691
Margaretcole935,Sidd691
GiftPiper,Sidd691
Akshaymittal29,Sidd691
DataGiriMeetup,Sidd691
JeffBarbare,Sidd691
ClearDB,Sidd691
Ronald_vanLoon,Sidd691
TheDataAgent,Sidd691
MedialEarlySign,Sidd691
fpga4student,Sidd691
BI_Plow,Sidd691
Stat_Zombie,Sidd691
PoloChau,vrama91
bluevincent,vrama91
vinayneekhra,vrama91
MunsonFan015,vrama91
DebaratiDas1994,vrama91
utkarshojha12,vrama91
keshav_kolluru,vrama91
prithvijitch,vrama91
naf1zh,vrama91
VasantTeja,vrama91
project_cloudcv,vrama91
AlgorithmXI9,vrama91
KuJerome,vrama91
nilakshdas,vrama91
Kumar_Sandeep_,vrama91
AKarthik10,vrama91
atomicunits,vrama91
soyuzT9,vrama91
SharmaAbhijat,vrama91
Kenneth_Marino,vrama91
PoloChau,alexandre_palo
Christo29152683,alexandre_palo
LeathamKatie,alexandre_palo
TreyHuffine,alexandre_palo
_Guillaume_B_,alexandre_palo
ShyamDadhania18,alexandre_palo
AskAaronLee,alexandre_palo
graphqleu,alexandre_palo
Lezarman_,alexandre_palo
AM_Alumni,alexandre_palo
TychoTa,alexandre_palo
blaked_84,alexandre_palo
benjaminspak,alexandre_palo
Codeanywhere,alexandre_palo
FrancoisSutter,alexandre_palo
thenetninjauk,alexandre_palo
Devendrap360,alexandre_palo
kulaginvolmir1,alexandre_palo
TheFreeCSGOSkin,alexandre_palo
swiipecs,alexandre_palo
PoloChau,AlexRTerry
SandraW25225444,AlexRTerry
dream8350,AlexRTerry
cyclingman168,AlexRTerry
AllRoadRetail,AlexRTerry
OutdoorWildness,AlexRTerry
AZOutdoorSupply,AlexRTerry
_1RaiNbow1,AlexRTerry
andrewjmullins,AlexRTerry
inthememebrane,AlexRTerry
Fivestars_GX,AlexRTerry
hotdatajobs,AlexRTerry
tasheenka,AlexRTerry
littlemissTess8,AlexRTerry
EzraPenland,AlexRTerry
LoIFunnyHaha,AlexRTerry
PoloChau,GromitC
hongkonglifetv,GromitC
SiruiXie,GromitC
oatsandsugar,GromitC
lilianchoywl,GromitC
AidenTianyuWang,GromitC
brkdncr94,GromitC
plotlygraphs,GromitC
VkoSci,GromitC
NeuvooCommNY,GromitC
hildaworkshop,GromitC
anvitahodekar,GromitC
TheMatrixMedia,GromitC
samlightstone,GromitC
RachelParkeromo,GromitC
KKxJason,GromitC
hlcheungdonald,GromitC
PoloChau,scc_gt
powellizer,scc_gt
Prof_DavidBader,scc_gt
andyfang_dz,scc_gt
bornascientist,amyogan
nigel_ux,amyogan
andrew_flatgard,amyogan
sreechas,amyogan
PoloChau,amyogan
GozerLuvsZuul,amyogan
liningy,amyogan
nghuixin,amyogan
mynkgoel,amyogan
prernachikersal,amyogan
kmarkiv,amyogan
ablaisin1,amyogan
kn2423,amyogan
timovt,amyogan
selvajsph,amyogan
_robinschmidt,amyogan
PHarryDaily1,amyogan
megstodiffer,amyogan
misswangie,amyogan
tatianavlahovic,amyogan
aliitosyali,SIAMDataMining
DannyKronstrom,SIAMDataMining
emrapvadisi1,SIAMDataMining
AbdurrahmanBres,SIAMDataMining
nabil_abubaker,SIAMDataMining
SamiRemes,SIAMDataMining
Merioshi,SIAMDataMining
jusoneoftoomany,SIAMDataMining
iamskaran,SIAMDataMining
SanazBahargam,SIAMDataMining
KatherineLin521,SIAMDataMining
cocoweixu,SIAMDataMining
AroonJanthong,SIAMDataMining
tz33cu,SIAMDataMining
sandy_top,SIAMDataMining
bhargavbardipur,SIAMDataMining
ThomasSpura,SIAMDataMining
sarveshnikumbh,SIAMDataMining
_yaowu_,SIAMDataMining
pseemakurthi,SIAMDataMining
Ifreak_podcast,FILWD
josephjpearce,FILWD
jmfishr,FILWD
daustralala,FILWD
Lic4t4,FILWD
ainvienna,FILWD
meganllawrence,FILWD
gaurangagg,FILWD
pallada92,FILWD
ElisaShearer,FILWD
aeonstrategy,FILWD
turneyandhall,FILWD
kristinejlu,FILWD
AurelieDussenne,FILWD
keyvhinng,FILWD
katguzmann,FILWD
miekamonster,FILWD
ParulAgarwal_,FILWD
zubkou,FILWD
srijanshukla18,FILWD
wuppleswine,alignedleft
maalgover,alignedleft
guruhhapsara,alignedleft
duncangeere,alignedleft
gracethered91,alignedleft
ssaulnier_,alignedleft
gavinclark66,alignedleft
Jean_Baptiste17,alignedleft
Lu2u_,alignedleft
DanielFahey,alignedleft
AurelieDussenne,alignedleft
katguzmann,alignedleft
sbr464,alignedleft
esSources2,alignedleft
m_lisewski,alignedleft
Ehsan_Butt,alignedleft
JenKlasson,alignedleft
raguram_,alignedleft
ruddfawcett,alignedleft
SIAMDataMining,alignedleft
scc_gt,petroseskinder
PoloChau,petroseskinder
EntrepreneurQ,petroseskinder
Prof_DavidBader,petroseskinder
kullalok,petroseskinder
TheStartupTimes,petroseskinder
jin_,petroseskinder
andyfang_dz,petroseskinder
pbcastellucci,emilyltucker
ranaazghandi,emilyltucker
swiztweets,emilyltucker
agustinishmael,emilyltucker
SIAMDataMining,emilyltucker
StrongDuality,emilyltucker
MarriageFamGuy,emilyltucker
mouli01,emilyltucker
Sudhanshu_Singh,emilyltucker
PoloChau,emilyltucker
AMALIK512,emilyltucker
Dsonn1611,emilyltucker
Derya_Dsquared,emilyltucker
AustinLBuchanan,emilyltucker
LuizHenrique_JP,emilyltucker
AlrezqD,emilyltucker
mh_aghdaie,emilyltucker
ubinforms,emilyltucker
katieacone,emilyltucker
INFORMS_NCSU,emilyltucker
almostMike,artwithMI
gabeibagon,artwithMI
twobabyteeth,artwithMI
barcadad,artwithMI
hciresearcher,artwithMI
AllTooHueman,artwithMI
CosAndEffect,artwithMI
laurmccarthy,artwithMI
JoshLeon17,artwithMI
ArtistWyllie,artwithMI
sus_mtf,artwithMI
gramnix,artwithMI
mrpatulski,artwithMI
philshapiro,artwithMI
JaimeICervantes,artwithMI
uamgallery,artwithMI
VYRYDYVNV,artwithMI
swiss_trendy,artwithMI
susanploetz,artwithMI
dennisobrien,artwithMI
PoloChau,SamForDaWin
MattandMattPod,SamForDaWin
fatla1995,SamForDaWin
KatieNolan33,SamForDaWin
AaronSolender86,SamForDaWin
StephanieFarri9,SamForDaWin
maddielee419,SamForDaWin
YaBoiHudson,SamForDaWin
WePlayLean,SamForDaWin
mwysocki93,SamForDaWin
mikeyeps,SamForDaWin
rishippatel3,SamForDaWin
ShitEprightSays,SamForDaWin
tedge99,SamForDaWin
_CJx32_,SamForDaWin
TFL2015,SamForDaWin
spookysadness,SamForDaWin
AnayNawathe,SamForDaWin
mattzerkus,SamForDaWin
qcampbell3,SamForDaWin
daltojr,severinhacker
PalomA_BC,severinhacker
XioNohelle79,severinhacker
Necio_news,severinhacker
JAMISONFLINN,severinhacker
KelleeMaize,severinhacker
sputnik84,severinhacker
DataCorpLTD,severinhacker
Sean_Dock,severinhacker
mutiamu35172920,severinhacker
kylelubieniecki,severinhacker
GonzaloEats,severinhacker
mojaam,severinhacker
sates52,severinhacker
Brev84,severinhacker
hlp19,severinhacker
PetrutaDumitru1,severinhacker
MikeGBravo,severinhacker
edutechndigmktg,severinhacker
Mattiplite101,severinhacker
wuppleswine,albertocairo
ccbcorcoles,albertocairo
cristinapoiata,albertocairo
SandrineSamii,albertocairo
JoannaMerson,albertocairo
AsserThomsen,albertocairo
MontanaCWR,albertocairo
LewickiPeter,albertocairo
andrewuttley,albertocairo
this_is_rhino,albertocairo
Bahbuto,albertocairo
gelliottmorris,albertocairo
kordwarshuis,albertocairo
benakiva,albertocairo
chow_justine,albertocairo
EdjNet,albertocairo
DokectIS,albertocairo
CindyKhor,albertocairo
GarBakNZ,albertocairo
Claire_AVATAR,albertocairo
LarryLLapin,FisherDanyel
jmvergel_tw,FisherDanyel
wyunnn,FisherDanyel
davidrpaul,FisherDanyel
ireneros,FisherDanyel
mkmc_vis,FisherDanyel
VisAnalytics,FisherDanyel
ReneCNielsen,FisherDanyel
Graig82,FisherDanyel
yifanwu,FisherDanyel
taShanklin,FisherDanyel
cnothelfer,FisherDanyel
teo_moretti,FisherDanyel
Sergej__K,FisherDanyel
gfrogat,FisherDanyel
chrissybulb,FisherDanyel
yongjoo_park,FisherDanyel
diWRECKtion,FisherDanyel
JulienTierny,FisherDanyel
RobSchmidtCxO,FisherDanyel
